0,0,0,0,0,0,0,0,0,0,0,0,0,0,0,0,0,0,0,0,0,0,0,0,0,0,0,0,0,0,0,0,0,0,0,0,0,0,0,0,0,0,0,0,0,0,0,0,0,0,0,0,0,0,0,0,0,0,0,0,0,0,0,0,0,0,0,0,0,0,0,0,0,0,0,0,0,0,0,0,0,0,0,0,0,0,0,0,0,0,0,0,0,0,0,0,0,0,0,0
0,0,0,0,0,0,0,0,0,0,0,0,0,0,0,0,0,0,0,0,0,0,0,0,0,0,0,0,0,0,0,0,0,0,0,0,0,0,0,0,0,0,0,0,0,0,0,0,0,0,0,0,0,0,0,0,0,0,0,0,0,0,0,0,0,0,0,0,0,0,0,0,0,0,0,0,0,0,0,0,0,0,0,0,0,0,0,0,0,0,0,0,0,0,0,0,0,0,0,0
0,0,0,0,0,0,0,0,0,0,0,0,0,0,0,0,0,0,0,0,0,0,0,0,0,0,0,0,0,0,0,0,0,0.100783752671568,0,0,0,0,0,0,0,0,0,0,0,0,0,0,0,0,0,0,0,0,0,0,0.274919066363404,0,0,0,0,0,0,0,0,0,0,0,0,0,0,0,0,0,0,0,0,0,0,0,0,0,0,0,0,0,0,0,0,0,0,0,0,0,0,0,0,0,0,0
0,0,0,0,0,0,0,0,0,0,0,0,0,0.0960936762880802,0,0,0,0,0,0,0,0,0,0,0,0,0,0,0,0,0,0,0,0,0,0,0,0,0,0,0,0,0,0,0,0,0,0,0,0,0,0,0,0,0,0,0,0.0175258304074543,0,0,0,0,0,0,0,0,0,0,0,0,0,0,0,0,0,0,0,0,0,0,0,0,0,0,0,0,0,0,0,0,0,0,0,0,0,0,0,0,0,0
0,0,0,0,0,0,0,0,0,0,0,0,0,0,0,0,0,0,0,0,0,0,0,0,0,0,0,0,0,0,0,0,0,0,0,0,0,0,0,0,0,0,0.215431432573263,0,0.0314398577172944,0,0,0,0,0,0,0,0,0,0,0,0,0.0129784512349383,0,0,0,0,0,0,0,0,0,0,0,0,0,0,0,0,0,0,0,0,0,0,0,0,0,0,0.0570754972206286,0,0,0.10670272784256,0,0,0,0,0,0,0,0,0,0,0,0
0,0,0,0,0,0,0.187128751477512,0,0,0,0,0,0,0,0,0,0,0,0,0,0,0,0,0,0,0,0,0,0,0,0,0,0,0,0,0,0,0,0,0.171395422703371,0.0137681442240346,0.0691071809850388,0,0,0,0,0.110344924438708,0,0,0,0,0,0,0,0,0,0,0,0.139085009080166,0,0,0,0,0,0.02632821560239,0,0,0,0,0,0,0,0,0.135196733130127,0,0,0,0,0,0,0,0,0.039394305340414,0,0,0,0,0.0940564649098881,0,0,0,0,0,0,0,0,0,0,0,0
0,0,0,0,0,0,0,0,0,2.21220729844899,0,0,0,0,0,0,0,0.339634152568643,0,0,0,0,0,0,0,0,0,0,0,0,0,0,0,0,0,0.322385227879958,0,0,0,0,0,0,0,0,0,0.0498483053205179,0.0160695331870661,0,0,0,0,0,0,0,0,0,0,0,0,0,0,0.0216680635822887,0,0,0,0.00541916970702904,0,0,0,0,0,0,0,0,0,0,0,0,0,0,0,0,0,0,0,0,0.0965946723949463,0,0,0,0,0,0,0,0,0,0.97922370935728,0,0,0
0,0,0,0,0,0.570965060281723,0,0,0,0.478308129683764,0.98671437794249,0.771335298436438,0.183861474311622,0,0,0,0,0,0,0,0,0,0,0,0,0,2.64349912006124,0.973485686059928,0.0402377055245506,0.967929495541269,0,0,0.717858546983921,0,0,0,0,0,0.0147530262048457,0,0,0,0,0,0,0.128304488179403,0,0.39635497265277,0.277484369212437,0.715474184427276,0.392420945476543,0.0384966572883505,0,0.0540607397155243,0,0.162061174140982,0,0,0,0,0,0,0,0,0,0,0.00540010152873866,0,0,0,0.163791919148376,1.03672589056517,0,0,0.107665841647672,0,0.179673424875545,0,0,0,0,0,0,0,0,0.220591133956474,0,0,0,0.332094358694092,0,0.734329102187283,0,0,0,0,0,0,0,0
0,0,0,0,0,0,0,0,3.35891044171,15.5187486214629,10.6983049425841,15.6336555720947,4.82347149695111,2.86318323376549,3.92438813516743,2.09906934281581,0,0.144291651727851,0.105771792007229,0,1.9125994522563,0.0874005477436995,0.141587257494339,0,0.115448061164327,2.36592556648057,6.49408253303266,6.78295258292878,5.99814823235297,8.02887783977829,6.47623359639098,2.31050901784726,0,0,0.172134088094692,0.304469385062351,0,0.0665111744742443,2.01858934856038,2.05876213788224,1.99251343560046,0.109307451885828,3.75470754497755,1.91039381258927,1.29501565922181,1.92761522537854,1.26825039121094,7.90260062189578,17.3526972016637,17.2185597562623,16.930566490773,12.2131806815227,6.6662170508595,4.69196968420025,3.67918564496895,2.01083623542143,2.1445483411489,0.0772076915638793,0.256069768103516,1.91095874283673,0,0.0312464892788515,3.73182287629812,0.236930634423029,0.144994005999083,0.223970015690855,0.104380998548703,0,0,0.561604462373234,4.48410133158199,10.1754661349564,2.59449171558828,3.05707674805384,0,0.286060505091682,3.94319618724274,4.15864702501956,1.99212666517262,0.305302559230094,0.278432582110354,1.93523223447347,0,0.270728678433616,1.82020760177699,1.77940886604353,2.05578154460943,1.63973068474434,3.35675046255635,5.61632479881245,4.03023887329373,3.24006495176419,0.769455781843507,0,0,0,0,0,0,0
0,0,0,0,0,0,0,2.00941632514217,7.90435846224955,10.6244589463635,10.9300918461018,16.4953953103737,2.56620428192522,1.31910574549193,0,2.07649833777343,0.00148871470243316,1.85570834827215,1.89422820799277,0,0,0,1.92265815475487,0,0,0,1.37788904090065,2.93818523823475,9.79225121085822,12.0048532496197,4.40637873229158,5.57467604788336,0.430023641684705,3.65460801955348,0,0,0,0,0,0,1.93013507795692,0,0.13598500313662,0,2.66171667470944,3.67003328298515,7.78928321585793,14.9054605834016,17.0505556087003,32.3650955680288,19.9574999425314,13.4704622667906,5.54996790421389,8.36604137557401,1.92336470117278,0,0,1.92279230843612,1.9165115813441,0,1.95417861742615,0.0458213825738513,0,0,0,0,0,0,2.05606651009215,1.94393348990785,3.84387711170412,3.46146298353339,3.76079889004267,2.5584375546119,1.199206909369,1.7625017988906,0,0,0,1.97169404481428,3.8214161285174,0,3.64953776711106,0.228547268817973,0,0,1.92996799766617,0,0,6.26752327788974,2.71761816252436,4.06994834852535,0,0,0,0,0,0,0,0
0,0,0,0,0,0,0.752753410773887,0,2.51331737349212,0.803246299063064,7.10628826857203,11.6517372470044,4.21501898854004,1.96519633899359,0,0,0,0,0.284972960986492,0,0,0,0,0,0,0,0,0,0,2.44548668645379,0,0,0,0.175168244633448,0,2.07153685491705,1.8870824454779,0,1.91755412112574,0.0824458788742581,0,0,0,0.0634977061269733,4.08862624898516,1.89129465453228,0.356509759219778,8.61767218848694,9.35971102220139,16.5602468712896,19.0257048034676,15.5518717763298,14.4547088120305,5.60541127905953,3.88785749448658,0,0,0,0,0,0,0,0,0,0,0,0,0,0,0,2.41185836891707,1.87180625133661,4.46532319910741,3.90853219157783,5.62924102909591,0.0749720048858858,0,0.0324329852762094,0,0.275954749868815,3.76786989464428,3.81549035440259,0.238151041675614,0,1.99559229590842,0.00440770409158021,1.97659639648788,0,1.90342430018777,4.96390838295454,0,0.491869591690632,0,0,0,0,0,0,0,0
0,0,0,0,0,0,0,0,1.90627080938765,0,0.177006058621729,4.46500135048018,0,0.0881687455544807,1.91183125444552,0,0,0.00522530665222236,1.71502703901351,0,0,0,0,0,0,0,0,0,0.0523442921717989,1.9476557078282,0,1.96010821262402,0,0,0,2.04138069960505,0,0,0,0,0,0,1.9595214897017,3.90446010026195,0,0,1.73232239723156,10.8617654244513,4.2463952686488,9.83602108995813,11.38949470212,7.24464735521579,18.5735659825106,6.61694286735764,3.84144351459871,2.10476022514194,0,0,0.180023316855702,1.8199766831443,0,0,0,0,0,0,0,0,0,0,0,0.0455746020022896,5.55070213571163,5.54943704762679,0.135695724425498,0,0,1.96756701472379,0,0,0.098829496207149,1.90117050379285,2.10658550113808,0,1.68371139474986,0.154034574051887,1.84596542594811,0,2.02201885775667,1.90910360697023,1.81831906262393,3.13092065365165,0,0,0,0,0,0,0,0
0,0,0,0,0,0,0,0,0.508693681820017,0,1.75151670453819,0.248483295461805,0,0,0,0,0,3.98375424602227,0,0,0.085797023210616,0,0,0,0,0,1.9639377525063,2.04117215762927,1.81122780981919,0.188772190180807,0,0.0398917873759814,0,0,0,0,0,0,0,0,0,0,0.0839459143017275,0,0,1.98538633698621,3.92578150656245,3.28592312719744,0,1.74541423643368,2.09568414053532,2.12848283830149,2.25047381278364,0,1.98025950582144,0.0261167927768379,0,0,0,0,0,0,0,0,0,0,0,0,0,0,0,0,0,2.40858192076841,0.0836977142085538,1.91630228579145,1.9322006090514,0,0,0,0,0,1.89341449886192,0,0.316288605250142,0,0,0.0688775352731004,0,0.0270424994331427,3.38502005674795,1.86988455908853,0.120410533212476,0,0,0,0.273019875518825,0,0,0
0,0.339597484367517,0,0,0,0,0,0,2.05498315341197,1.71707839913715,1.64120210611276,0,0,0,0,0,3.83759854214842,2.12047748890427,1.93618482762772,1.98442359127301,1.92977938551638,0,0,0,0,0,0.0656372478932055,1.92925284197122,0,0.0995253229798027,1.9004746770202,0,0,1.95384676854687,0,1.99370102844461,1.85664596307966,0.0569113764758838,3.79585296200861,0.147235661515511,0,0,0,1.78224542639391,1.9406007447964,0,0,0.932183222896419,1.92829497570288,0,3.56186319272702,0.245092156820815,1.75490784317918,0,1.86511429710729,0,0,0,0,0,0.0743228651967841,1.92567713480322,0,0,1.91736751712867,0,0,0,1.91089178513381,0.0891082148661852,0,0.228547018256071,1.77145298174393,0.030469357753503,0.253135221791155,1.74686477820885,0.0677993909486031,0,0.0402714578306373,1.95972854216936,1.84833235647565,0.15166764352435,0,0.0604791294846759,1.93952087051532,0,1.85732269132654,0,0,1.91141159433535,4.02264956917755,0.00182997240206294,0,0,0,0,0,0,0,0
0,0,0,0,0,0,0,0,0.0506671740171684,0,0.358797893887239,0,0,0,0,0,0.0782551464996909,0.0385044421454134,0,0,1.85776933901536,0.142230660984637,0,0,0,0,0.103939766325599,0,0,0,0,0,0,1.98569924391991,0.0604539875332152,1.82001544085773,0.363281586713522,0,0.132708991060666,0,0,0,0,2.09265748240439,0.184496346405305,0,0,0,0,0,0.437783561569006,0,0,0.040962923397632,4.09392277949508,0,0,0,1.84588901068907,0.0781668880256144,3.70678417900418,0.21504893297021,0.18776853279673,1.81223146720327,0.0826324828713268,0,0,0,0,0,0,0,0,1.74239345535633,0,0,0,0,0,0,0,0,0,0,0,0,1.93183853242646,0,0,1.9836167592184,1.99555603357569,0,0,0,0,0,0,0,0,0
0,0,0,0,0,0,0,0,6.01274303168584,0,0,0,0,0,0,0,0,0,0,0,0,0,0,0,0,0,1.8960602336744,0,0,0,0,1.89719202304861,0.102807976951389,0,1.97248750555614,0,5.70847419250881,0.257881788395683,1.86729100893933,0,0,0,0,0.051591222763297,1.9484087772367,0,0,0,0,0,1.98752787826841,0,0,0,0,0,0,0,0.331927200926925,0,0,0,0,0,0,0,0.0313623247884398,1.96863767521156,0,1.9290698873016,0.0709301126983953,0,0,0.257606544643673,0,0,0,0.10923301091914,1.89076698908086,0,0,0,0.0772002497308148,1.92279975026919,0,0.099088956618085,4.10471224112247,0,0,0,0.00444396642430703,0,0,0,0,0,0,0,0,0
0,0,0,0,0,0,0.169231543566671,0,3.95587720374009,3.75016678751891,0.15609466492067,0,0,0,0.0452983485471205,0,0,0,0,0,0,0,0,1.80578205214871,0,0,0,0,1.96654645466553,0,0,0,0,0,0.0275124944438647,1.93439908674729,0.0656009132527052,0,0,0,0,0,1.98211725415284,1.91987998220764,0,1.85892642289264,0.141073577107365,1.91687894114626,0.0831210588537364,0,0,1.91506908143568,0.0849309185643195,0,0,0,1.89691627494041,0,1.82218378838401,0,0,1.92151114676849,0.0784888532315064,0,0,0,0.124470676742359,1.87552932325764,0,1.86871674872198,0,0,0,0,0,0,0,0,0,0,1.95193116011661,0.156574743498061,1.8904488445951,0.173536433409104,0,0,0.00703757850644325,0,0,0,0,0.267324743719729,0,0.106523495124556,0,0,0,0,0,0
0,0,0,0.00288707956029464,0.306904163700114,0,0,0,0.214317250648071,1.9167530334934,0,0,1.90365386384637,0.0963461361536288,1.95470165145288,0,0,0,1.87437620378808,0,0,0,0,0.194217947851288,0,0.202581848399273,3.79741815160073,0,2.03345354533447,0,0,0,0,0,0,1.8449950046265,0.155004995373496,0,0,0,0.0535975806492866,2.12533725636396,0.0178827458471644,0.0801200177923606,0,1.86825819480238,0,0,0,0,0,0,0,0,0.00345650957449666,0.112472848009264,1.99061087705033,0,0,0.16270490573857,1.83729509426143,0,0,0,0,0,0,0.0658055449296501,0,0.131283251278021,0.169731669263801,0,0,0,0.0435353456683996,1.9564646543316,0,0,0,0,0.0480688398833877,0,1.95297641190684,1.83954192516388,2.09284200275302,3.74698208760694,0,1.88007468702936,0.119925312970641,0,1.91009710438487,0,0,0,0,0,0,0,0,0
0,0,0,0,0,0,0,0,1.94338085397585,0,0,0,0,0,0.113122340437235,0,0,0,0.248054397655116,0,0,0,0,0,0,0,0,0,0,0,1.93426706621289,0,1.9210544031181,0,0,0,0,0,0,1.72245058755545,0,1.82106516298676,1.66450985464348,0.335490145356519,1.92185826238745,0.131741805197617,0,0,0,0,0,0,0,0.0755340717656672,5.88126969202837,0,0,1.87002703252837,0.129972967471634,0,0,0,0,0,3.92862132729841,0,0,1.93419445507035,0,0,1.8302683307362,0,0,0,1.95964079390466,0.0201024768784358,0,0,0,0,0,0,0,1.86533377697269,0,0.147097551067049,0,0,0.0735748393545685,2.01632805626056,0,2.01498626636959,0,0,0,0,0,0,0,0
0,0,0,0,0,0,0,0,1.96774873261746,1.91623069902412,0,0,0,0,1.88687765956277,0,0,1.66960284687115,1.8775693985568,0,1.91956861889351,0,0,0.0627226109502881,0.297369901631928,1.70263009836807,0,1.9041582501615,0,1.8577226497299,0.208010284057209,0,2.0789455968819,0,0,0,0,0,0,2.23535755760552,0,1.90825983853984,0.271354336427634,1.8760934890212,0.0781417376125533,0,0,0,0.322535057737046,1.67746494226295,1.94210381814079,0,0,1.95321159587048,0.139571011993538,1.94695711876745,0,0,0,0,0,0,0,0,1.98168666060124,0,0,0.105656060138289,1.89434393986171,0,0,0,1.97190858209707,0,0.0403592060953358,1.97989752312156,0,0,0,0,0,0,0,0.134666223027311,0,0,0,0,0,0,0,2.10235961711129,0,0,0,0,0,0,0,0
0,0,0,0,0,0,0.0428564595585739,0,2.10353333601187,0.0124872323465452,0,0,0,0,0.613206793647322,1.68218664582865,0,0.330397153128855,0,0,0.0804313811064928,0,0,1.93727738904971,0.111516191827894,1.91161682758661,1.97686698058549,0.0958417498385027,0,0,0.103223112544882,0,0,0,0.0932070741065338,0,1.88672436143125,0,0,0.0421918548390229,0,1.94429233601133,0,0,0,0,0.0395997849914607,0,0,0,0.0578961818592099,0,0,0,0.147386183031719,0,0,0.282485967415631,1.71751403258437,0,0,0,0,0,0.175422122775031,0,0,0,0,0,0,0.100445501098347,0.0280914179029315,0,0,1.96924162255217,0.0307583774478301,0,0,0,0,0,0,1.7749310477801,1.92081205038452,0.079187949615483,0,0.0864429881439118,1.91355701185609,0,1.90131282765507,1.93939855556887,0,0,0,0,0,0,0,0
0,0,0,0,0,0,0,0.0259264121091887,2.25390072455846,1.87983846227983,0,1.96178518301088,0.0382148169891188,0.186143686998241,3.51846287352579,0,0.101385366684743,3.89861463331526,0,0,0,1.89732157788072,0,0,0,0,0,0,0,0,1.89677688745512,0,0,0.0552563126676773,3.85153661322579,0,0.113275638568747,1.84457624917032,0,0,1.9922881548757,0,0,0,1.8861516496272,3.68094700022554,2.21158298658508,0,0,0,0.00261182041976444,1.99738817958024,0,0,1.85261381696828,0,0,0,0,0,0,0,0,0,3.89309731789075,0,0,1.98674015568115,0,0,0,1.89955449890165,0,0,0,0,0,1.89837252813543,0,0,0,0,0,0.225068952219902,0,0,0,0,0.127054355230709,0,1.99486828868282,0.159288616776065,0,0,0,0,0,0,0,0
0,0,0,0,0,0,0,0,7.94539974314959,0.0152422001705161,0,0,0,0,0,0,0,0.036394004986684,1.96360599501332,0,0,0.102678422119279,0,0.232624898206502,0,0,0,0,0,0,0,1.97334089414428,0,2.02403806043975,1.90019439900187,0,1.8936824723212,0.15542375082968,0,0,0.00771184512430059,0,0,0.298165889972466,0,0.181718578570717,2.07479756021539,1.92520243978461,1.73997605356817,0.260023946431828,0,0,0,0,0,0,0,0.0129383709376519,0,1.95187321628308,0.0481267837169216,0,0.0527204393155987,1.9472795606844,0.0211725714345649,0,0,0.013259844318853,0,0,0,0,0,0,0.0328544328596848,0,0,0.101627471864575,0,0,1.98767323924802,0,0,0,0.228842142613109,1.77115785738689,0,0,1.87294564476929,0,0.0051317113171802,0,0,0,0,0,0,0,0,0
0,0,0,0,0,0,0,0.107534130566375,7.8380222179511,7.38905391574707,1.6972995857342,0.3027004142658,1.94129189413541,0.156902616778797,0,0,0,0,0,0,1.99406081227966,0,0,1.890538952615,1.8768361491785,0,0,0.392607871806789,0,0,0.0110913824250507,2.08069824550356,3.93175090444183,0.0970101472556382,0,0.0811124184373761,2.02520510924142,1.91346233957965,0.0865376604203469,1.94510675604177,0.0657756346465808,1.98911760931165,0,3.70183411002753,0,0,1.79019486124903,0,0,0,0,0,0.0902859042247545,0,0,0,0,1.98706162906235,0.100531000630847,2.0561258781673,1.84334312120186,0,0,0,0,0,0,0,0,0,0,0,1.9272852823819,0.072714717618102,1.96714556714032,0,0,0,0,0,0.0123267607519828,0,1.84653377311369,0.153466226886309,0,0,0,0,0,0,0,0,0,0.129088011120524,0,0,0,0,0,0
0,0,0,0,0,0,0,0.14140848077264,2.19303608915444,0.481006944567898,1.75004794880395,0.249952051196052,0,1.90180548908579,0,0,0,0,0,0.0162658766852869,1.98373412331471,0.00880072641856761,1.99713846130178,1.9087588743267,0.0912411256732981,0,1.83918402386734,3.50736832801869,0,0,1.82452901351815,1.98187596678802,0,1.89503230201889,1.97716091662881,0,1.96346770147582,1.97788768448832,0,0,0,0,0,0,0,0,0.289097655020036,0,0,0,0,0,1.90971409577525,0,0,0,0,0,0,0,1.90683974210649,1.87225968700926,0.12774031299074,0,0.0931824284285906,0,0,0,0,0,0,0.147521723819644,0,0.482477630669313,1.83115767405812,0,0,0,0,0,0.167245278447652,3.62655053767332,2.20620418387903,0,1.81739701654117,0.182602983458829,0,0,0,0,0.403050147200889,3.45350860502233,0,0,0,0,0,0,0,0
0,0,0,0,0,0,0,0.768309360805584,2.59635166845737,3.94651500091576,0,0,0,0,0,0,0,0,0,1.96175003924685,0,1.9930101583873,0.00698984161270394,0,0,0.0640195724101294,2.22801777531434,0.100023800174524,1.96440077171422,1.33004580246416,2.0804362882059,1.94675897245849,1.86089543259403,0.654368885012544,1.68269460360343,1.79074329273632,0.0586446140358579,0,0,1.8024938352699,0,0,0.218414135356999,1.781585864643,0,0,3.87190322445551,0,0,0.1068061766551,0,0,0,0.178583598572603,5.81264052152572,0,0,0,0,0,0.0931602578935077,1.98994471095021,0,0,1.90681757157141,0,0,0.204369364247086,1.79563063575291,0,0,1.85247827618036,1.85354188867939,1.68636469527257,1.52743506400687,0.602901736693948,0,0,0,0,2.06847802787382,0.0197699682858794,0,0,0,1.58038883652592,0.419611163474079,0,0,0,3.84312064870319,0.333465639551476,0,0,0,0,0,0,0,0
0,0,0,0,0,0,0.0307606901607017,0,4.72264312886457,3.8467294768095,0.375305995893764,5.5988306845438,3.80746829206105,0,0,1.96140369369239,0,0.33034378184491,1.66965621815509,0.204633364385846,0,0,0,0,0,0,3.34900478614341,3.05621239853845,0.229577230132968,8.92759691222623,2.55226499875142,3.64134340795366,2.38997973461091,1.96985799863302,3.7332660094675,0,0,0,0,0.197506164730096,0,0,0,0,0.135675653717886,0,1.46414415624323,4.03439195472393,1.73158720674269,6.77719445278474,0.87815425206718,0,0,0,1.57929619991208,0,0,0,0,0,0,0.0100552890497899,0,0,0,0,0,0,1.93098249479677,6.14689565139494,3.76980281270996,1.23176584297357,2.14645811132061,0.605234855928157,1.86733008006498,1.39709826330605,0.180082315431994,1.81991768456801,0,0,4.03335739601656,2.05646817930163,1.99327119284485,0,0,2.09869404708955,0,1.95776236129219,0.0700131965705177,0,0.154245115411511,5.62148637346002,0,0,0,0,0,0,0,0
0,0,0,0,0,0,0,0,5.7574908469624,2.10678835057936,2.35792950313684,3.62340580027141,0.283178380207751,0,0.137448444680459,1.90114786162715,0,0,0,0,1.8336165963673,0,0,0,0,0,1.33934032182151,4.96122801857797,14.2626233315271,8.4153000932265,7.15597181894266,3.59390377113777,1.93975044200308,0.457420352186003,1.8093136383465,0.164247076411321,1.83575292358868,0,0,0,0,0,0,0,1.86432434628211,0,0,0,0,1.20581757736805,1.8507084826905,3.12041828069339,1.42729739093182,0.297649537692086,2.50930348247214,0,0,0,0,0,0,1.96258412095159,0,0,0,0.838304587447746,3.13773832099587,5.18736740043856,2.30428264652986,3.93587385605864,5.4640047356034,1.55585897674728,5.37517476725376,0.446593747934416,1.55340625206558,0.331071150555414,0,0.262838689108391,1.73716131089161,0,0,3.76054733164798,0,0,1.92431117456455,2.03196691908518,3.85116940905118,3.61533630878891,1.67335208165452,10.4995131917757,7.64397361608999,3.30401780107113,0,0,0,0,0,0,0,0
0,0,0,0,0,0.528998938448823,0,0.484391438233838,8.32032269853713,4.72212847838045,7.34189447101663,0,3.88968670396559,0,0,0,0,1.93615844914383,0.0638415508561662,0.056530491645405,1.9434695083546,0,0,0,1.65833834491307,0.695177077007551,4.82691809852265,8.28240168327172,20.7489468499998,14.3801520820938,8.83661489879934,8.47057564183363,3.07550247056152,0,0,0,0,0,0,0,0,0,0,0,0,0,0,0.822469968532898,0.588591076192127,4.84707215493401,1.16045611098626,4.64133373664308,1.03824491563685,1.79874999646854,1.62252665982538,0,0,0,0,0,0,0.0374158790484142,0,0,0,0,6.92951003193534,7.28602716166871,9.65780896835501,8.41558043822569,4.61997020464368,5.04554103078846,4.37808668091768,3.66957026206465,5.60473763194005,1.79766256387109,0.195769467344548,0,0,0,0,0.0681079040292773,0,0,0,0.18396837710804,1.91262624517213,0,0,2.53578310699888,3.0710581509926,3.43993497735182,0,0,0,0,0,0,0,0
0,0,0,0,0,0,0,0.542628995430262,4.35928517501009,4.15578906692877,4.51613063957489,0.13658590335627,0,0,0,0,0,0,0,0,0,0,0,0,0,0,0,0,3.68045085464576,16.2783033914383,5.77379403139616,4.84633424119663,7.72469080901925,0,0.0760376635399774,1.92396233646002,0,0,0.0412670084661154,1.95873299153388,0,0,0,0,0.196365673074972,0,2.93210265652393,2.24542737494317,1.71906685937111,0.564336768873863,1.35608335075766,4.10551340485724,1.28165461143538,0,0,0,0,0,0,0,0,0,0,0,0,0,4.37816925231692,8.1037490001023,13.4386337340921,14.5974743737848,7.80116070242297,8.9063624139864,7.21430917055889,4.49757712042718,5.78709441387262,0,1.80423053265545,0,0,0.258409856878753,1.74159014312125,0,0,0,0,0.25820352586573,3.27081942568189,3.29577495815824,2.68749271389887,3.15756093985283,7.36466302484861,0.909908353187952,0,0,0,0,0,0,0,0
0,0,0,0,0,0,0.629966683705421,0,1.13931376817532,6.96970365188453,1.59874390255609,1.72186417046288,0,0,0,0,0.0348579693639188,0,0,0,0,0,0,0,1.68528197148788,0,0,0,1.92857329516469,5.75514586378181,3.90025405831437,5.13831891941726,6.95862595871603,0.38671417039091,0,0,0,0,0,0,0,0,0,0,3.6927622252544,0,0.0388469215761957,0,0.280933140628888,0,0,1.57157335310329,0.498674848486483,0,0,0,0,0,0,0,0,0,0,0,0,0.718619329090472,2.65898000028983,1.83791154156769,6.0877758037405,13.4549891357821,11.2777803118326,8.74837988822453,10.7123433489085,7.62729837807126,4.54770827551095,3.92796742055459,0.0397477935563795,0,0,0,0,0,0,0,0,1.74179647413427,0.037242850346518,0.533343763227378,2.06412548948585,1.91946673507533,9.9525348810622,0.00734127320065907,0,0,0,0,0,0,0,0
0,0,0,0,0,0,0,2.63586814418463,6.74763089873075,3.47998992902503,3.91937944377931,7.64015580894538,5.68643161481229,1.9875014766346,0,0,1.96514203063608,0,0.169008153649573,1.79682389604455,0.203176103955448,0,0,0,3.25923915489753,0.747354645310534,5.27936700685549,4.25600292619524,2.80994064568471,8.92022356081213,1.96947927306611,0.900603357654669,1.66872294622424,0,0,0,0,0,0,0,0,0,0,0,0.151668692357233,2.01275380048112,5.73635761929229,0,0,0,0,0,0,0,0,0,0,0,0,0,0,0,0,0,0,0,0,0.186242661470045,10.8023832508892,4.67850673079904,1.69970585593567,3.36072949843267,4.00104389179202,2.75527494420437,3.71296048984473,2.9722063053448,0,0,0.24157506872843,1.75842493127157,0,0,0,0,0.014708713064329,1.98529128693567,1.96275714965348,0.18287983433708,1.84706019349867,3.80002013351301,2.30891400323129,0,0,0,0,0,0,0,0,0
0,0,0,0,0,0,0,0.013958794024254,5.59177234698639,0,2.30745705786304,5.14092305294689,0.261396761403065,0.0124985233654025,0,0,0,0,1.83099184635043,0,0.00406375027140536,1.99593624972859,0,0,2.37996961663579,0,0,0.448581584856947,6.6188939682352,5.36788434156664,7.54972952695544,3.67617485656016,0.0337442126812753,0,0,0,0,0,0,0,0,0,0,1.94163266838513,1.84242659406299,0,1.97887539019748,0.192369677766316,0,0,0,0,0,0,0,0,0,0,0,0,0,0,0,0,0,0,0,0,0.0186106223290298,0.298180136403227,0,2.06876838387612,2.60746986244083,5.49454326398334,2.35412277428308,0.0182742512934925,1.98172574870651,0,1.96451233245056,0,0,0.0150249245176062,0,0,0,0,0.0884311191918179,1.97005997216425,0.043758620603055,4.26216982644372,3.70872600938017,3.83966300910954,0,0,0.115860391524482,0,0.0490439898356621,0,0,0
0,0,0,0,0,0,0,0.0565305839189094,2.249454306221,2.03220187348461,1.81805930890942,0.878281976687367,0.115575599435136,1.88442440056486,0,0,0,0,0,0,0,0,0,0,1.94420309376059,0.271826928528821,5.38595761545214,2.3478463216721,2.60920336625836,3.73201870106997,0.428415281884079,0.112368289670526,3.93274923494787,0,0,0,0,0,0,0,0,0,0,0,0.215940737551883,0,0,1.86109932745041,0,0,0,0,0,0,0,0,0,0,0,0,0,0,0,0,0,0,0,0,0,0,1.96455418556703,0.202350129220126,1.75572948058582,0.244270519414179,0,0,0,0,0.0354876675494368,0,0,2.12743483360217,0.111062284686757,1.88893771531324,0,0,2.02240759924544,1.97791423999083,0.292306438546641,1.73398085582965,1.95086491513932,2.39202647248738,0,0,0,0,0,0,0,0
0,0,0,0,0,0,0,0,0.231175990802685,1.75958962119139,1.93852117480804,0.0614788251919645,0,0,0,1.89748465734975,0.102515342650251,0,0,0,0,0,0,0,0,1.95336284918334,0,3.37197815529336,4.25211276664076,1.81868814270048,0,0,0,0,0,0.126374562921388,0,0,0,0,0,0,0,0,0,0,0,0.38121914199262,0,0,0,0,0,0,0,0,0,0,0,0,0,0,0,0,0,0,0,0,0,0,0,1.84469738657503,1.99473397170237,0.00526602829763293,0,0,0,0,0,0,0,1.85754024188022,0.0158475124458957,0,0,0.0456547330136733,1.91124704157191,0.0828186165655207,3.65036073795406,1.97451420693378,1.96264450316578,0,0.10590908644832,0,0.066196011345964,0,0,0,0,0
0,0,0,0,0,0,0,0,5.65718129481748,0,1.93812689944025,0,0,0,0,0,0,0.0254311694680688,1.97456883053193,0,0,0,0,0,0,0,0,0,0,0,0,0,1.91886483453957,0.0811351654604296,0,1.87362543707861,0,0,0,0.129931671288148,0,0,0,0,0,0,0,1.75768153055697,0,0,0.0780030798565358,0,0,0,0,0,0,0,0,0,0,0,0,0,0,0.260760923818094,0,0,0,0,0,1.81720264469494,0.182797355305057,0,0,0,1.98689584353988,0,0,0,0,0.110131163349199,1.9841524875541,0,0,3.93850954155102,0.0158357254353033,0,0,1.99236938923546,2.11799226595053,0.163283838754534,0,0,0,0,0,0,0,0
0,0,0,0,0,0,0,0.14470492491192,0.35582696037461,0,0.0618731005597518,0,0,0,0,0,0,0.0392162904803707,1.96078370951963,0,0,0,0,0,0,0,0,0,0.01135574341344,1.98864425658656,0,0,0,0,0,0,0,0,0,1.87006832871185,0,0,0,0,0,0,0,0,0,0,1.92199692014346,0,0,0,0,0,0,0,0,0,0,0,0,0,0,1.73923907618191,0,1.99286892893998,0,1.96168292243438,0.038317077565624,0,0,0,0,0,0.0131041564601196,0,1.9853835731834,0.014616426816598,0,1.8898688366508,0,0,0,0,0,0,0,0,3.79144569516766,2.08845494314058,0,0,0,0,0,0,0,0
0,0,0,0,0,0,0,0,2.39421005861763,1.85038804786825,0,1.85271980505082,0,0,0,0,0,0,0,2.05213103309145,1.82467014541042,0,0.0186912008105819,0,0.146862066131602,1.8531379338684,0,0,0,0,0,0,0,0,0,0,0,0,0,0,0,0,0,0,0,0,0,0,0,0,0,0,0,0,0,0,0,0,0,0,0,0,0,0,0,0,0,0.00713107106002447,0,0,0,0,0,0,0,0,1.90398559957198,0.096014400428016,0,0,0.115981947508989,1.88401805249101,0,1.94090122938233,0.0590987706176667,0,0.169790410641729,1.83020958935827,0,0,1.89619143184657,0.103808568153426,0,0,0,0,0,0,0,0
0,0,0,0,0,0,0,0,1.90995408535131,0,0,2.04627332248149,0,0,0,0,0,1.98896155729304,0.0110384427069631,0.123198821498129,0,0,1.98130879918942,0,0,0,0,0.148208519137791,0,0,1.92051673103266,0,0,0,0,0,0,0.0404215656294148,0,0,0,0,0,0,0,1.9932320146214,0,0,0,0,0,0,0,0,1.88791044494226,0.112089555057744,0,0,0,0,0,0,0,0,0,0.16369443093254,1.83630556906746,0,0,0,0,0,1.64438087346594,0.355619126534057,0,0,0,0,0,1.90396306560615,0,0,0,0.0420332279649364,1.95796677203506,0,1.87262303157965,0.127376968420351,0,0,0,0,0.187366535688693,0.283859224383614,0,0,0,0,0,0
0,0,0,0,0,0,0,0,0,0,0,0.10100687246769,0,1.95626288974165,0,0,0,0,0,1.84599917412651,0.15400082587349,0.0384468173073557,1.96155318269264,0,0,1.89709656321662,4.02563937524761,2.25341342288516,0,1.99839604227843,0.0794832689673375,0,0,1.97519245276594,0.0248075472340583,0,0,1.95957843437059,0,1.87188136543116,0.128118634568836,0,0,0,0,0.00676798537859743,0,0,0,0,1.87000353036296,0.129996469637037,0,0,0,0,0,0,0,0,0,0,0,0,0,0,0,0,0,0,0,0,0,0,0,0,0,0,0,0.0960369343938486,0,0.0588396662593424,0,0,0,0,0,0,0,0,0,3.81436704675616,0,0,0,0,0,0,0,0
0,0,0,0,0,0.0872559244073341,0,0,0,0,0,0,0,0.0899428860031437,1.95379422425521,0,0,0.0959572646764588,0,0,0.0441092371874021,0,0,0,0,0,2.018231363616,1.65741075589682,1.97150846510856,0.0300954926130128,0,0,0,1.76390079291785,1.97472039746852,0.109738838463618,0,0,0,0,0,0,0,0,0,0,0,0,0,0,0,0,1.85936200019807,0.140637999801929,0,0,0,0,0,0,0,0,0,0,0,0,0,0,0,0,0,0,0,0,0,0,0,0,0,0,0,3.82850157632422,0,0,0,0.0820837616732735,0,0,0,0,0,2.10219089000882,0,0,0,0,0,0,0,0
0,0,0,0.086346152958799,0,0,0,0,0.0797461642333125,0,0,0,0,0,0,1.93535349723824,0,1.90404273532354,1.73091269493972,0.269087305060285,1.9558907628126,0,0,1.98254905017975,1.74770579946633,0,0.316846045946614,1.93924640021592,0,1.75676346171213,0.243236538287866,0,0,0.236099207082146,1.91554076406786,0,0,0,0,0,1.88693145862703,0.169416909132917,0,0,0,0,0,1.90720512509989,0,0,0,0,0,0,0,0,0,0,0,0,0,0,0,0,0,0,0,0,0,0,0,0,0,0,0,0,0,0,0,0,0,0.112658757416433,0,1.97065163245359,0.0293483675464139,1.91791623832673,1.85344068153049,0.146559318469507,0,0,0,0.526928669334405,0,0,0,0,0,0,0,0
0,0,0,0,0,0,0,0,1.92025383576669,0,0,0,0.110908301815343,1.88909169818466,0,0.0646465027617591,0,0.0918965521764723,0,0,0,0,0,0.0174509498202459,0.252294200533671,0,3.74390755383747,1.88505196404197,0,0,0,0,0,1.53197785355498,0.477634457243615,0,0,0,0,0,0,1.94365163224005,0,0,0,3.8283501910018,0.171649808998204,0.0927948749001139,0,0,1.92846305563938,0,0,1.8545858083407,0.145414191659295,0,1.77560295694657,0.224397043053433,0,0,0,0,0,0,0,0,0,0,0,0,0,0,0,0,0,0,0,0.359521933547233,1.64047806645277,0,0,0,0,0,0,0,0.0239124985056694,0,0,0,0.0174845027140858,1.92791361616132,0,0,0,0,0,0,0,0
0,0,0,0,0,0,0,0,0.0675623993064731,1.94708812539327,0.0529118746067315,0,0,0,0,0,0,1.90810344782353,0.0853291482473658,0,0,1.88461523187016,0.115384768129835,0,0,0,0,0.11494803595803,0,0,0,0,0,2.06803076096124,0,0,0,0,0,0,0,0,0,0,0,0,0,0,0,0,0.0715369443606213,0,0,0,0,0,0,0,0,0,0,0,0,0,0,0,1.91818469040213,0,0.141961311486006,0,0,0,0,0,0,0,0,0,0.0845844456954843,0,0,0,1.99370311846714,0,0,0,1.97608750149433,0.0419295221608284,0,0,3.84460144621726,0.215812483352783,0,0,0,0,0,0,0,0
0,0,0,0,0,0,0,0,0.273457876601672,0,0,0,0,0,0,0,0,0,1.91467085175263,0,0,0,0,1.82507162370723,0,0,0,0,0,1.98729237417151,0.0127076258284879,0,0,1.92235692824017,0,0.101973272888607,1.89802672711139,0,0,0,0,0,0,0,0,0.0739358222514925,1.92606417774851,1.8134486490752,1.90902941122692,0,0,0,0,0,0,0,0,0,0,0,0,0,0,0,0,0,0.0818153095978733,0,1.85803868851399,0,0.0138449462009938,0,0,0,1.92186557959698,0,0,0,1.99038005249807,1.92503550180645,0,0,1.89116017614064,0,0,1.78749959740535,0,1.95807047783917,0,0,0.0882195292184857,2.05088574397578,0.049876549495695,0,0,0,0,0,0,0
0,0,0,0,0,0,0,0,3.85264433007549,0.0848968614440564,1.91510313855594,0,0,0,0,0,0,0,0,0,0,0.393609045089126,0,1.94098594488219,0.23394243141058,0,0.132048693288578,3.59292184101846,0.00138654558214234,0,0,0,0,0,0.0886105387909981,0,0,1.85669031283176,0,1.98039149306104,0.168355518876171,1.83164448112383,0.409139015962157,1.59086098403784,0,0,0,0.277521939697881,0,1.96006458168898,0,1.9631617274479,0.550642098659478,0,0,0.317532490466497,0,1.65116034759753,0,0,0,0,0,0,0.114005926140546,0,0,0,2.7581032075498,1.9294246109691,1.98615505379901,0,0,0,0.0781344204030154,0.111980929054765,1.88801907094523,0,0,0.0899007767505284,1.96918635452967,0,2.11513670539222,1.94552557393126,1.71728150278247,0.212500402594655,1.97799997100776,0.0220000289922371,0,0.147400735572507,3.79738541456527,2.34378514942104,0,0,0,0,0,0,0,0
0,0,0,0,0,0,0.0198980492407311,0.322519235056926,1.87389779332284,0,1.93784381770475,4.24213711880387,2.60063641134622,1.43807680056463,0,0,0.0276826176310916,0,0,0,0.00972762674288316,1.66621593405035,3.82089228650825,0.119282734352269,0,0,1.86855727709337,1.40595383976918,3.57248674163335,0,0,0,1.78259949819777,0,1.911389461209,0,3.68048268203682,0.15412301002031,1.98918667714793,0.0196085069389555,0,0,0,0.204708509291581,0.0387771534979477,1.94662184656906,0,0,2.50758144946827,0.0399354183110161,2.55007859398435,3.68495554956709,4.74234323351426,0.067965262446385,0,1.6824675095335,0,0.348839652402471,0,0,0,0,0,0,1.88599407385945,0,0,0,2.20462773215089,0,0,0,1.98690147789093,0,0,0,0.0576949171037397,0,0,1.94091286871981,0,0,0,0.0544744260687447,0.288791868861026,3.82394891334694,0,2.03268165542417,3.58390091377197,2.7480104890697,1.7900198498655,4.15120815328511,0,0.242292184557684,0,0,0,0,0,0
0,0,0,0,0,0,0,0,0.319716773864711,1.68028322613529,1.82001906349139,0,1.96128678808915,0,0,0,1.97231738236891,0,0,0,1.99027237325712,0,0,0,0.362010158652464,3.51341141054987,1.87326623404926,3.29520233870829,3.82854720989832,0.593572033129847,1.80647784203853,1.29719609992395,4.25118042534104,0.0891403666200404,0.106225846644666,1.89377415335533,0.582152948075748,0,0,0,0,0,0,1.79529149070842,3.84956515299868,0.0533781534309387,0.0206326479011508,3.86654380942443,1.60524209320615,0,1.81212301296272,3.50444104071617,1.12428948070165,0,0,0.310733231482905,1.7533690701036,0.0883912901912164,0,0,2.01919123969034,0,0.219075040367405,1.78092495963259,0,0,0.0144596274423356,0,6.90767994777268,3.0004247552942,1.56900054514649,0,0.0130985221090702,1.88892231735055,0.111077682649451,0,1.94230508289626,0,0,3.78602888833591,0.217624315568364,1.99634679609573,0,0,0,0.169977715009556,1.95652949011027,0.200334320534282,3.30533708078582,2.19231495497604,1.70138961933455,5.78922795791563,2.39660145711971,0,0,0,0,0,0,0
0,0,0,0,0,0,0,0,0,0.292206183950205,0,2.12145418292129,0,0,0,0,0,0,0,0,0,0.100452707636852,0,0,0,0.382754919655029,0,0,1.77140291493331,1.78317036716036,0.0756332634880387,9.39540078069961,1.0109484361764,0.697852623691472,0,0,1.73736436988743,0,0,0,0,0.160499187257023,1.95244505782189,1.99805108690166,0.161161548779828,0,0,0,1.96837935910663,0.0316206408933683,0,1.95319983445775,0,0,0,0,2.00377321858256,1.91160870980878,0,0,1.98080876030966,0,0,0,0,0,1.98554037255766,0,0,1.8798815636495,1.63073920111684,0,0,0,0,0,0,0,0,0,1.96161195956878,0.0383880404312216,0,0,0.511603009555744,3.27345163849442,0.0434705098897309,1.35756002000796,1.50969455395854,0.901363912174439,0,0.330293806226112,0,0,0,0,0,0,0,0
0,0,0,0,0,0,0,0,1.94100614863395,4.13667677150246,0.445173356413279,5.11570135758862,0.317671103076812,0,1.94165174543892,1.98949171699037,0.0105082830096261,0,0,0,0,1.89954729236315,0,0,0,0,1.69704559719816,0.449090137776885,3.68697629552889,6.67655427902518,1.95320411061687,7.87898361429557,9.67539064567445,5.5932750940276,0,1.94940114403593,0.050598855964068,0,1.99151696764383,0,1.98540958635288,1.83950081274298,0,0,0,0.0397423210941252,3.73508851578641,0,0,0,0,1.48095174251862,3.63752823210497,1.90094891248612,0.099051087513878,0,1.93212447983094,0,1.72841881682272,0.271581183177281,0,1.84501545636001,0,1.7413771840116,0.258622815988405,0,0,0,0,0.120118436350504,0,0,0,0,0,3.78017675442968,0.255445162205936,0,0,0,0,0,0,0,0,0.465779554545567,1.86647310775079,4.80737238401193,15.3590803674696,5.15434183806265,3.97079200962158,0,0.640143075840519,0,0.436955230194842,0.128018173362516,0,0,0,0
0,0,0,0,0,0,0.0370840390644968,0.674788669654832,1.51813351625429,4.02407889462553,3.12419903052111,0,0,0,0.0583482545610833,1.68225453177337,0,0.0148270688176158,0,0,0.0577761656301664,0,0,0,0,0,0,0,3.26486866819397,8.86873375036478,14.9489018338097,9.94959292109959,6.52694282677885,2.30527933571388,0.575595411452798,1.95134722478778,0,1.9771801572853,0.00848303235616737,0,0.0145904136471182,0,0,0,0,1.83126063709805,1.9330376761473,2.29213148697217,0.358423503289855,0,3.70581153175213,2.58233247417975,5.01177418297476,3.42352903676323,2.25230077190212,1.77027082978969,1.97742839830819,0,0,0,0,0.154984543639985,0,0,0,0,0,0,0,0,0,3.25697589298694,0.328781411285898,3.73054183829392,3.85448258853018,0.165141222418113,1.89409341070621,0,0,1.83440188529057,0.165598114709434,0,0,0,1.984090182782,1.89860250687148,5.42197071133738,7.93494352858922,12.2051811037222,5.8266348642232,0.0292079903784219,2.58523366866975,0,0,0,0,0,0,0,0
0,0,0,0,0,0,0,0,0.942545673442164,3.37942927074873,0.790772646431684,1.99765239835685,0.0271603959090863,1.92446100268029,1.94752072839132,0.370224739835309,0,1.98517293118238,0,0,1.94222383436983,0,0,0,0,0,0,0.956288989304781,5.77832258095654,6.35967078357805,6.24650792573894,12.5430395076359,14.6836518781933,12.7211185028248,6.33581290976084,0,0,1.96739073982809,0.272018343935357,1.78341075895126,0,0,0,0,0,2.18017083743301,3.72352200320756,0.265046522261376,4.24355594313802,3.5286531009566,3.75125536349145,1.82996808319219,2.3874048364705,0.164518360950166,0.0903060858843717,0,0,0,0,1.8811191188318,0.118880881168196,0,0,0,0,3.86365657942708,0.0378622377314715,0,0,0,0.410407309423914,4.33261679758914,0.100683825580377,2.41068425142471,2.37311622151863,2.89236283931431,0,0,0,0,0,0,0,0,0,1.99534994558761,1.91635619687755,8.02514657335959,10.1501516189459,9.11199115137803,6.98504769060316,8.71572715035774,0,0,0,0,0,0,0,0
0,0,0,0,0,0,0,0.237522723910019,1.66308695928004,0,0.690806563506355,1.42497655878441,3.8594040834433,0.0755389973197069,0,0,0,0,0,0,0,0,0,0,0,0,0,1.80286772513766,0.981877189051258,2.94466567851328,12.6320789770228,0.518338115738659,3.86406342853131,3.96192781407842,4.27734754201428,1.92615138161004,0,0,0.00863570980594617,1.99136429019405,0,0,0,1.83718189117303,0,1.97153194726502,0.0284680527349765,0,1.99695841232745,0,0,0,5.96504363515765,1.85078750770621,3.53124820220639,1.56670464253839,0.433295357461609,0,0,1.8638483657742,0.136151634225795,0,0,0,0,0.098481182841448,0,1.95339393194804,1.93160819999356,0.361267290357551,3.29497699391673,0,0,1.48863192299491,1.81374253352513,0.948154624651584,1.77770392664555,0,0.169908059507898,0,0,0,0,3.80058872197126,0.0983680150823544,2.14511128693741,6.42953130632606,3.58747820923808,2.39351216579281,6.34092866465123,4.14758432543,3.34334505058112,0,0,0,0,0,0,0,0
0,0,0,0,0,0,0,0,0.640039605926571,0,0,2,0,0,0,0,0,0.0418643409986905,1.95813565900131,0,0.0404150315780956,1.9595849684219,0,0,0,0,0,0.0389100263163247,0,0.386425060797451,5.3421610885245,1.39475477230024,3.91831540233424,8.24082340731008,5.60617497506363,1.99035930347666,0,0,0,0,0,0,0,0.162818108826971,0,0,0,1.89261665849454,0.46247815014115,4.63300963544347,0,0,2.1879358659838,1.93732676491235,2.31415981893163,0.101107711457733,0,0,0,0,0,1.76872569438943,0.231274305610566,0,2.08005329649755,0.257456964814922,1.97635899146454,0,0.114997868058403,1.79765163206968,0.435699886573289,0,0,0,2.18819654626076,1.9980609202141,0,0.0887348089452513,5.74135713154685,1.78547735420803,0.214522645791968,0,0,2.08824012806103,0,1.83709350875213,3.67503366788505,2.98214725549357,0.746488541938388,1.47365216889988,0,0,0,0,0,0,0,0,0,0
0,0,0,0,0,0,0,0,1.69687343479339,0,0,0,0,0,0,0,0,0,0,0,0,0,0,0,0,0,0.00522558516810539,1.96108997368368,0,1.86647176506278,1.73043811790234,4.63765489898253,2.18559336529083,3.66942668634993,0.0371453342242108,1.95144218580067,0,0,1.70760191337873,1.85150534868155,0.349973964819865,1.79852068649859,0,0,0,0.208015981246704,1.7919840187533,0.107383341505456,3.66906677818266,1.36455851804926,1.87392850585601,0,0.334749917649084,0,0.170825601652959,3.79235257986691,0.0117484622643217,0,0,0,0,0,0.00892225612083099,1.99107774387917,1.85728457668896,1.82884617053402,0,0,0,0.202348367930318,1.90805582915243,0,0,0,0,0,1.88988359875422,0.11011640124578,1.88259789133091,0,0,0,1.96593826048373,2.03524839360821,0,0,0.11892723726966,0.413565665097472,3.85779853747057,0,1.9371160845442,0.0628839154557956,0,0,0,0,0,0,0,0
0,0,0,0,0,0,0,0,0.166285034420436,1.81025375881897,0.487450099894967,0,0,0,0,0,0,0,0,0,0.0639217011184134,1.93607829888159,0.060811512518669,0,0,0,1.99477441483189,0.0311292120664604,1.97309110463887,2.12930791823189,0,1.85391143371357,1.75148312069536,0,0,0.148883344046145,1.99398604270676,0,0.292398086621268,0.0531716448654262,0,0,0,0,0.0409558098708832,1.95904419012912,1.98944271529971,0,0,0,0,0,1.66525008235092,0,0,0,1.98825153773568,0,0,0,0,0,1.74674019018468,0,0,0,0,1.87937497435369,0.120625025646315,0,0,0,0,0,0,0,0,0,0.117402108669086,1.96399676802408,1.92352728506991,0.0764727149300936,0.0340617395162665,0,0,0,0.148082593284159,3.76383016904281,0.0880872376730268,0,1.82189112011496,0.178108879885043,0,0,0,0,0,0,0,0
0,0,0,0,0,0,0,0,2.0012486259509,1.70229614128606,0,1.82669782077216,0.173302179227836,0.0418417899515897,1.95815821004841,0,0,0,0,1.9936849677085,1.76731107328226,0.239003959009242,3.71644085841542,0.31018435478769,1.91256327427822,0.137107078482922,1.86289292151708,0.144658038508024,0,0,0,0,0.248516879304638,1.81394513987707,0.186054860122927,2.12472938931156,3.62781125321661,0,0.0876242503581888,3.96338365735794,3.85267186921863,0.0431485781998206,0,1.91956472543203,0,0,0.010557284700285,0,0,0,1.86036796787854,0.13963203212146,0.254318824950639,0,0,0,0,1.95779303463351,0.0422069653664877,0,1.91738025479857,0,0.388204353880268,0.202853807596071,3.52279389606761,0,0,0,0,0,0,0,0,0,0,0,0,0,0,0.0360032319759175,0,0.0173471117800263,1.98265288821997,0,0,3.69249925357536,0.0170608198190085,0,0,0,1.83320225832238,0.166797741677625,0.040879755461412,0.137976320118487,0,0,0,0,0,0
0,0,0,0,0,0,0,0.0662046381258642,1.83246633962866,1.84881462490955,0.151185375090454,0,0.0255294795698122,1.97447052043019,0,0,0,0,0,3.74663702583237,2.0419540281336,0,1.9472241679286,2.0527758320714,0,0,0,1.85534196149198,1.89002358873967,1.9906520411065,0,0.115030654488357,1.85693508504194,0,0,0,0.241329401313586,1.88224272633644,1.97143181529504,1.77433064331252,0.225669356687483,0,0,0.0804352745679681,0,1.98356121490457,0.169309938793842,0,0,0,0.0163378683147927,1.98366213168521,3.66996421575768,0.0757169592916799,0,0,0,0,1.79107245979396,0,0.0826197452014307,0,1.86505545593505,0,0.274352296336316,0,0,0,0,1.979700632971,0,0,0,0,0,0,0,0,0,0,1.8200782817816,2.09827621394631,1.94419322291029,0,0,2.1645463600288,0,0,0,0,3.85731776677494,0.20837575883164,0,0,0,0,0,0,0,0
0,0,0,0,0,0,0,0,0.356345695273184,3.64365430472682,0,0.141328548297976,1.85867145170202,0,0.0582560362657741,0,0,0,0,0.232129834245177,0.239530597743897,3.81564443471938,0,0,1.98123916517796,1.85826010712286,0.141739892877137,0.119324370153831,1.61895328906979,0,0,3.88496934551164,0.143064914958061,0,0,0,1.85677072480235,0.289554733566169,0,1.95265281634076,0.0473471836592398,0,0,0,0,0.0164387850954261,1.91298486177061,0,0,0,0,1.97040878752943,0,0,0,0,0,0.351182512618992,1.85774502758705,0.312436373355059,1.83563833232125,0,0,0,0,1.85637483026883,0.143625169731172,0,0,0.0202993670290028,0,0,0.16417110627331,0,0,1.99248742191165,0.00751257808835235,0.0322870373182929,0,1.98858295123446,0.191338766983943,3.67939580184312,1.83747664150078,0.608182722694891,3.59390170728151,2.15271505607286,1.9277543259874,0,0,0,1.97222605427558,0.252836685902046,0,0,0,0,0,0,0,0
0,0,0,0,0,0,0,0,0,1.9441333405792,0.0558666594208017,0,0,1.82985258939098,1.94174396373423,0.330496047108738,0,0,0.13880185580942,3.93346417031116,3.851838053205,0,0,0,0.0187608348220388,1.79219633997435,0,0,0.458812895183534,0,0,0,0,0,1.87173385995801,0.053055813957092,1.58548497900569,1.91639390587768,0,0,0,0,0,0,0,0,3.81758383550483,0,0,0,0,0.106166508141581,0,0,0,0,0,0.130663278158767,0,1.85192529432369,0,0,0,0,0,0,0,0,0,0,0,0.0316544664193017,1.83582889372669,1.93846187121803,0.0615381287819662,1.69870248876592,0,1.96771296268171,0,0,0,4.35052195539016,2.0828793985973,1.77402901485913,0,1.99706506566843,0.0967112367593825,1.98032988066608,0,0,0,1.92722291136489,0,0,0,0,0,0,0,0
0,0,0,0,0,0,0,0,0.224147014682347,5.61680609118316,0,0,0,0.17014741060902,0,1.66950395289126,0.0816559123329105,1.91834408766709,0,0,0,1.92020190637599,0,0,0,0.207803660025653,0.00418555822277001,0,2.15998674846826,0,0,0,0,0,0.347716619398652,3.72749370668625,0.414515020994315,0.0836060941223216,0,0,0,0,1.92353671606871,0,0,0,0.100121363930725,0,0,0,1.942285761971,1.92342470432899,0,0,0,0,0,1.86933672184123,0,0,0,0,0,0,0,0,0,0,0,0,0,1.9683455335807,0,0,0,0.30129751123408,0,0,0,0,0,0.00725676581205046,0,0,0,1.84748430767978,2.14772024890736,0,0,0,0,1.91239511478867,0,0,0,0,0,0,0,0
0,0,0,0,0,0,0,0,1.85240461433496,0.306642279799529,0,1.87749411194999,0.122505888050014,0.0846917653469971,0.0185510058337374,1.98144899416626,0,1.98257534212165,0.0174246578783459,1.8787016591778,0.121298340822202,0.0797980936240131,0,1.9784079878152,0.0215920121848025,0,1.99581444177723,1.96006762476517,1.76224706727841,0,0.3818914994685,0,0.102197595211637,0,0,0,0.138122768831549,0,0,0,0,0.00904473084600236,0.0764632839312887,0,0,0,0,0,0,0.107746028499607,1.96792739320164,0,0,0,0,0,0,0,0,0,0,0,0.396903755767865,1.60309624423214,0.147507131884208,1.85249286811579,0,0,0,0,0,0,0,0,0,0,0.184274399231178,0.0985820226711344,0,0,0.0256498002250144,0,0,0,0,0,0.0550340636681819,0,0,1.87230600960632,1.92118956848797,0.301572771327811,0,0.104336338386556,0,0,0,0,0,0
0,0,0,0,0,0,0,0,0.57976054742812,3.60767252060993,0,0,0,1.915308234653,1.98329116826415,0,0,0,0,0,4.05115021938854,3.81901976816197,1.93160340255366,0,0,1.99615644842233,0.075514566596122,0.0399323752348312,1.90334026632195,1.90564893004513,1.71245957048637,0,1.89780240478836,1.96129381732623,1.91785455824064,1.97443736017739,1.86187723116845,1.79470483002551,0.20529516997449,0,3.73045082181631,2.09462842175969,0,0,0,0,0,0.086220869499924,0,1.98204081632775,0,0,0,0,0,0.122382670880531,1.87761732911947,0,0,0,0,0,0,0,0,0,0,0,0,1.95734931117789,0,0,0,1.89303301771536,0.10696698228464,0,1.81572560076882,1.92524703958668,1.97617093774218,0,3.96663531729054,0.213272659961042,3.70001406408728,1.90415704622799,0.236168741092969,3.90748641355852,1.94496593633182,0.0266895711168498,0,0.127693990393676,0,1.77723766018422,0,0,0,0,0,0,0,0
0,0,0,0.192465378281854,0,0,0,0,0.0890870759737082,0.134615135258702,1.95719316372339,0,1.96392362583055,0.0360763741694486,0.016708831735853,0,0.172220189808519,0,0.10696514403794,1.89303485596206,0.29408488179822,1.83574513065127,0.253824104853203,1.8427379410369,0,0,1.92832898498154,1.91326767756993,0.183392056108116,1.92143240152084,1.93625968053344,2.16650359565346,1.81047728471818,3.93994895402733,0.127197819795034,0.0401583785784866,1.95984162142151,0,0,0,0.165876025578,0,1.60904590788638,0,0,0,0.118788392331314,3.79499073816876,0,0,0,0.0659748283476026,0,0,0,0,0.00774431414820995,0,0,0,0,1.99843892799021,0,0,0,0,0,0.115478315033454,0,2.00960985420603,0,0,0,0,0,2.11149650504943,0,0.217466879364038,3.76352981592089,0,1.94728077352447,0,1.98900270207883,1.97370548544688,1.96041416099881,0.0180681526748382,0,1.97331042888315,0,1.83359435246985,2.06422657472167,0,0,0,0,0,0,0,0,0
0,0,0,0,0,0,0,0,3.70746375821905,1.96701480342198,1.94117689759593,0,0.0808506858281604,1.91914931417184,0,0.162669684705475,1.82777981019148,2.02371412619614,0.0711903484622644,0,0,0,0,5.90925694513915,1.94051820875712,5.84398465608894,0.220488254463493,2.04580354098384,0,0.142307917945711,0,1.97377375479003,0.13910157632539,0.478152157333256,0,0,0,0,0,0,0,1.84640011227187,0.544553979841748,1.97306635419725,1.89303739575117,0,0,0,0.200794613943061,1.79920538605694,0,1.9340251716524,0,0,0,0,3.87761691827588,0,0,0,0,0.00156107200979183,0,0,0,0,0,1.88452168496655,0,0.0330408346160861,0,0,0,0,0,1.88850349495057,1.95748218092759,0,0.0190033047150684,0,1.91410703399629,0,0.158144682832822,0,0,0.180786697264668,1.81921330273533,1.92396395015331,0,0,0.102179072808486,0.0748021353225532,0,0,0,0,0,0,0,0
0,0,0,0,0,0,0,0,0.203449165807242,0,0,0,1.85028700868613,0.149712991313871,0.0474431301524583,3.78988718514207,1.91010508413082,2.06618078967303,1.92880965153774,0,1.70196417919218,0,1.76411763101553,0.14868778598911,0.0793301331432391,1.96042617259361,0,1.82333885439774,3.95913554311377,0,1.94906561874958,0.0509343812504218,1.91014378851294,3.5797408980742,1.99325965893587,1.86132412325416,0,1.86342606198335,0.136573938016654,0,0,0,0,0,0.133896250051577,0,1.96923675610569,3.66109466987938,0,0,0,0,0,0,0,0,0.114638767575908,1.90317509389287,0.0968249061071296,0.150577219851194,0,0,0,0,0,0,0,0.00796841133195207,1.99203158866805,0,0,0,0,0,0,0,1.77014230534871,0.272375513723704,0,0,0.0858929660037087,0,0,0,0,0,0,0.0760360498466885,0,0,0,1.92519786467745,0,0.59991572582829,0,0,0,0,0,0
0,0,0,0,0,0,0,0,0,0,0,0,0,0,1.95847755369985,1.87605144042907,1.87604061975256,0.19077134446901,1.93983165536355,0,0.298035820807824,0,0.235882368984474,0,0.211940378664991,1.78805962133501,3.95881188532433,12.7068511380533,2.66473837126179,6.47857173738618,0.286346160921274,0,1.88857720528591,0.132797229740011,0,0.145416217809972,0,0,1.95073019164285,0.049269808357147,1.80503064153017,0,0,0,0,0,0.272995778352681,1.84478096835571,0.251891827306534,0,0,0,0,0,0,0,0,0,0,3.68057277753598,0,0,0,0,1.88404860221532,0,0,0,0,0,0,0,0,0,1.88353428871306,0.124883977929092,0,1.86874218521935,0.220032544214103,0,0,0.0349763079751754,2.2174464340933,0,3.9279054876919,0.0494877092400895,0,0,1.90228751589801,2.03375475514878,0.675156835348851,3.32622801276037,0.668032844169609,0,0,0,0,0,0,0
0,0,0,0,0,0,0,0.435079099239,0,0,2.0690720442617,0.148731536370566,3.8660585228071,0,0,0.165471005871085,0.123959380247439,1.80922865553099,0.0601683446364497,0,0,0,3.80875072570913,0,0.619479013008154,8.7660065183594,4.77926203174683,7.67394463684297,9.79194786251947,9.2462373771957,0,0,0.232754614633374,1.76724538536663,0,0.0218790253235681,2.18711335391302,1.79100762076341,0,0,0.536306392758792,1.77803244669781,0,0.0451684601535212,0,0,0,0.232341177473628,5.06882166323618,0.224282030291159,3.47389922335981,0.388751762050534,1.93928390286496,0.0607160971350407,0.357561433138244,1.64243856686176,0.239300500443051,1.76069949955695,0,0.168850002612829,0,0,0,0,0.19763375541247,1.91831764237221,1.46822269092699,0.824222239464617,0,0,0,0,0,0,2.08395573854579,3.87511602207091,0,1.98630931560838,1.98078164756629,1.93044362300026,0,0,1.96932976462744,1.83837017627253,0.184236626795484,0,0.0215238908006733,3.86336793079989,8.03898803761986,11.4875864666909,8.65935262961411,4.41760024389421,0,0.0921701196024362,0,0,0,0,0,0
0,0,0,0,0,0,0,0,0.801882172484622,2.0747210493046,2.0129713154178,3.80087053964764,0.169499802185725,2.10955171038546,0.0116581297157604,0,1.90598701656194,0,0.22281254101995,1.87657404932623,1.90061340965382,0.039569726058467,3.35446932140611,2.89718087616698,0,3.93159079568325,8.38090150031342,10.4709550443483,6.32035476599881,3.61927589592118,4.23523871384309,5.93151496311236,8.83393085998278,1.73850607514754,0,0,1.95733536737779,0.0426646326222051,0,0,1.97870780373788,1.90192271527535,0,1.95483153984648,0,0,0,2.83346921556338,5.41778994054358,6.79652440153837,2.40770348334963,0,0,0,0,0,0,0,0.120765985145671,0,0,0,0,0,0,0,1.84862176540135,3.5493887070741,2.78759108718452,1.80408886625468,4.11552096713837,0,0.775846391302184,6.97850402695176,0.0325099727411519,1.60184124904462,0.023062990469729,1.99062769392189,0,0,0,0,3.77824749330408,0,0.157749139743788,1.89702903241058,1.97847610919933,1.49790980943857,3.33695481311777,11.1673994880402,6.61513971305435,0.436786948401072,0,0,0,0,0,0,0,0
0,0,0,0,0,0,0,0,6.07568791784846,6.04029525129795,7.82559604463846,9.28623602522661,2.51299235180115,1.87879015989878,1.91434572680272,0.0856542731972819,0.094012983438065,0,0,0,0,0,1.90002935065931,0,0.0387259213445066,3.09678231305907,4.58162070434215,16.3512176435892,13.8233604130317,12.3485789960409,10.5699424837346,3.65362065061263,11.7260504553926,7.20940454224262,1.94032985952213,0.0596701404778677,0,0,0,0,0,1.8687489405274,0,0,0,0,0,3.66065159415755,4.42311423908561,8.74951572447143,1.86900614028505,0,0,0,0,0,0,0,1.87923401485433,0,0.144399090622031,1.85560090937797,0,0,1.80050469082167,1.92560911747178,0,0.434978661146581,8.04117626517407,6.38720423532505,9.41080888129645,4.9363146364863,5.6534479473428,0.357472670485692,0,0.398158750955383,1.07925012110039,0,0,0,0,0,0,0.151571175165693,3.92688126652082,0.0685087648382851,3.89521891675362,2.53836250896952,2.12696086027218,4.16772820961629,5.52086503915525,4.00208801678106,0.716684570293232,0.832993880026187,0,0,0,0,0,0
0,0,0,0,0,0,2.57270361579281,0,9.19848873423957,6.86785825857144,6.22066911390031,11.09570002242,0.146698341877494,0,0,1.92600702761294,0,0,1.80468405359569,0,0.128529269537347,1.87147073046265,0.144629186951755,3.7886482059998,4.30446707651595,6.0511171292654,8.08596267469062,11.8666796029079,14.5349034622236,16.7537146070948,3.37749736722638,7.60948579977576,10.913436165682,6.53024855735477,2.49795039089946,1.987019099837,0,0,0,0,0,0.131251059472597,0,0,0,0.340654902286165,1.85879154895928,1.72292614398115,2.30109900593797,3.77452864798566,0.571312705715685,0,0,0,0,0,0,0,0,0,0,0,0.0285148929940316,1.84213941599605,1.92658719183414,0,3.83884827709299,6.42320758409121,7.38084996080136,2.06326762577098,7.25106927186001,11.7348353784541,3.44966869469832,3.61553083551417,3.9802511434797,2.97315590597843,1.67982934821794,0,0.0670517084326573,0,0,0,1.87842404953365,1.86676938615912,0,0,0,1.55741660401714,4.23454865327553,0.64840953122853,2.00073395976221,5.72121012386133,0,0.375491819571496,0,0,0,0,0,0
0,0,0,0,0,0,0,3.193603567339,2.7004818202342,12.4398319328323,11.2833679881552,8.1111729090394,0,0,0,0.0739929723870641,1.96357126484659,0.0364287351534116,2.06093065231491,2.03471077327879,3.76381440792042,0,0,1.97849130833772,1.92037436353999,1.75446123881841,5.91816637792798,5.92813647751631,10.4528023885353,13.6021248123551,8.13909103576572,8.40203988981673,3.8439569330935,1.17224571578407,1.42036412759055,0.0129809001629984,0,0,0,0,0,0,1.97803533380839,2.01708980081885,0.0082267571139457,3.78748486938521,1.87186022832863,0.713435734689077,1.57823331377439,3.07689361408366,2.90818946899715,1.90833961611884,0,0,0,0,0,0,0,0,0,0,1.97148510700597,0.157860584003955,1.47409367140829,0.873205328464116,1.67606683041214,3.2772958804974,4.90940007416596,4.43989025936556,8.88555166077029,14.0594494347368,3.16648611323113,3.769343009562,1.9054882759475,2.59246806614355,1.97601186941374,0,1.93294829156734,0,0,0,0.121575950466349,0,1.89493795278006,0,0,1.86950983739548,0.645266771158561,5.15592822598474,0.195662242786732,3.81666586132225,0,0,0.547236898513086,0,0,0,0,0
0,0,0,0,0,0,0,0,8.39480354038515,6.70176812832983,8.34146822727497,2.91020753763283,0.0668130422652115,0,0,0,1.96150924058079,0.038490759419212,0.134385294089399,0.0484920024482685,0.152982816352517,1.98274732824746,0.0172526717525409,0,0.0522460884983085,1.94775391150169,0.439579672661241,2.99255941553106,4.78130686067937,1.25286413105336,9.47089300249052,7.55653136156154,4.82315482755071,5.35467800709969,0.112742898482035,0.215287674280866,3.56610199211701,1.78176710368643,0,0.215624880199017,0,0,0,0,3.27800989587377,1.43681610183201,1.28182211055303,1.74274397902208,4.20405455011259,4.60630134430438,5.48543694116458,1.67061040358686,0,0,0,0,0.0186570944141399,1.98134290558586,0.027011453027367,0,0,0,0,0,0,0,0,2.55764845757991,0,3.81728646701394,5.4049060121417,9.72744227597163,4.31020940288682,1.98554093719838,0.0413981761814833,0,0,0.169830254494941,1.83016974550506,1.99482635016522,0.0350319830904949,3.84634019942,0,0,0.105062047219941,0,1.20168144654722,0.469838915936863,1.53225176776944,0.312364594838427,4.67172854744735,2.05461298233951,0,0,0,0,0,0,0,0
0,0,0,0,0,0,0,0,4.62443238706371,3.87152792455488,1.82534898545594,1.87075718891981,0,0,0,0,0,0,1.98219158405707,0,0,0,0,0,0,1.97416359724925,1.58625673008951,2.7166775724465,3.6100341121266,1.99128143383729,0.246007018544788,0.154692013961715,0,0.166148628272365,2.2117162961461,3.47703488589119,0.652130904196564,0,0,1.78437511980098,0,0,1.97006889566919,0,0,1.91017301964728,1.96610874590604,1.68564517594024,0.314354824059765,4.90802211552545,1.79171174160522,0,0,0,0,0,0,0,1.97298854697263,0,0,0,0,0,0,0,0,0,0,2.75103822268748,3.55229308166647,2.8264484904459,3.59033739335129,0.0471651328423406,1.95283486715766,0,0,0,0,0.00517364983477825,0,0.241727044806876,1.87690077268263,0,0,1.96707276520903,3.23180556414986,5.5199479704111,2.09042933084536,1.68763540516157,3.05959176250845,4.77964677629533,0,0,0,0,0,0,0,0
0,0,0,0.113031969337512,0,0,0,0,2.1250073369956,0.509706981008423,5.64602349329101,3.5659188511365,2.0038790293426,1.84195222800532,0,0.0741319193492346,0,1.87270105065841,0.0178084159429339,0,0.0390140739851391,0,0,0,3.81016757931312,0.0605838001686843,5.29603816522065,2.31056034962283,2.5466771902031,6.00671844909318,0,0,0,3.81623341273697,1.76938548424049,0.230614515759506,0,0,0,0,1.83002019265479,0.169979807345208,0.0299311043308115,0,0.0131221174107044,0.0898269803527206,0.03389125409396,0,0.0804711976620508,1.63149852903005,0,0,0.133187427743443,1.86681257225656,0,0,0.04137925797162,1.95862074202838,0,0,0,0,0,0,0,1.99313993193363,0,0,0,1.73267585317248,1.99941862651377,2.02523779989749,2.24219978694709,1.92627018895112,3.66606755999061,1.96382147509279,0,0,1.89282395386891,1.90915058306768,0.0908494169323224,0,0,0,0.269320824700029,2.01753012443413,5.67844286014966,0.0396645921158234,3.89539146138319,0,0,0.0830611517246897,0.181943763356965,0,0,0,0,0,0,0
0,0,0,0,0.0251338500133419,0,0,0,3.8749926630044,0,0.152115521513299,1.8478844784867,0.25343558476809,1.90461218722659,0,1.92586808065077,0,0.127298949341591,0,0,3.81434895742574,0.146636968589123,0.141783330778561,1.85821666922144,0.129248620518199,0,2.10541157089712,0,0.304411872887582,5.51287889152142,2.08640290467363,0.117118848083923,0,2.07481431792138,0,0,0,0,0,0,0.0413880352273667,0,0,0,3.90110050107316,0,0,0,1.91952880233795,1.66300223394585,0,0,0,0,0,0,0,0,0,0,0,0,0,0,0,0.00686006806637234,0,0,0.0179641600142016,3.77432642546655,0,0.963291443233682,1.62355210333401,0,0,0,0,0,0.244156389408196,1.87189412356488,0.179898879887976,1.94820699654714,0,0,1.73067917529997,0,0,0,0.0186851314222917,0,1.89093064397894,2.02600820429637,0,0,0,0.0663816845526461,0,0,0,0
0,0,0,0,0.136015170727881,0,0,0,2.13407810287582,1.86592189712418,0,0,0,0,0.0475435343898362,0,0,0,0,0,0,0,0,0,0,0,0.381178412531892,0,3.59739120867628,0.0501492773689413,0,1.88288115191608,0,2.03447974629503,0,0,0.221691273154469,1.922122965199,0,0,3.85839875337851,3.97734775973051,0,0,0.0857773815161375,0,0,0,0,0.758622162893268,0,0,0,0,0,0,0,0,0,0,0,0.0587009712591911,1.94129902874081,0,0,0,1.89937997441145,0,0.0959896849674639,1.96508011432726,1.93893020070528,0,0,0,0,0,0,0,3.79793891681427,1.86287119967219,0.137128800327814,0,1.9258212779942,0,0,3.98847830016866,1.99267769895829,0.0346460515278588,1.96535394847214,0,1.87058552745595,0.129414472544051,0,0,0,0,0,0,0,0
0,0,0,0,0,0,0,0,0.0911103610860609,1.90888963891394,0.237028918382674,0,0,0.420123835299657,3.90244619015005,0,0,0,0,0,0,0.00377872967573668,0,0,0,1.87780980334515,2.02900169838235,0,0.0981969184361382,1.94985072263106,0,0,0.10277615258345,1.90150888587265,0,0,1.77830872684553,0.380826356490595,0,0.400253252122177,3.5685415795553,0.154070619986139,0,0,0,0,0.0657291862172977,2.03632267964948,0,1.57837560316088,0,0,0,0,0,0,0,0,0,0,0,0,0,0,0,0,0.100620025588551,0,0,0,0,0,0.0351874901602034,1.9648125098398,1.99650940596587,0.00349059403412619,0,0,0.480137960407089,1.98498573921763,0,0,0.0741787220058005,0,2.15683927795626,1.84778367689782,1.74078785076779,0.273433195251176,1.98554224607598,0,0,0.158094523947267,0,0,0,0,0,0,0,0
0,0,0,0,0,0,0,0,2.06116116339173,1.90442011647184,1.76297108161733,0,0,3.62988644016046,0,0,0,0,0,0,1.85825858483848,2.13796268548578,0,0.0277051838830828,1.97229481611692,0,0,0,0,0,0.0363454890828181,3.67569177940533,0,0,0,0,0,1.6970506783104,0,0,0,0,0,0,0,0.0128882375035208,0,1.89794813413322,1.88393916850201,0,0,1.9766019730507,0,0,0.0809239982185863,1.91907600178141,0,0,0,0,0,0.233659432927102,0,1.85490165336553,0,0,0,0,0.177114461418443,0,0,0,0,1.94216802207836,0,0,1.95767072070308,0.0423292792969241,1.71807179556882,0,0,0,0,0,0,1.8647193622002,0.135280637799795,0,0.0144577539240202,0,0,1.84190547605273,0,0,0,0,0,0,0,0
0,0,0,0,0,0,0,0,2.01280806143893,2.0216106586975,0,0,0,2.22475687297662,1.77524312702338,0.049333614806327,0,0,0,0,0,0,0,0,0,0.152954903778493,1.84704509622151,0,0,0,0,0.287962731511856,0,0,0,0.0612101619177897,0,0.245399841314707,1.79207501933406,0,0,0,0,0,1.87846809020794,1.98711176249648,0,0,0.116060831497991,0,0,0.0233980269493037,0,0,0,0,0,0,0,0,0,1.7663405670729,0,0.145098346634473,0,0,0,0,1.82288553858156,0,0,0,0,0.0578319779216388,0,0.140822417072664,0,0,1.88188524471509,0,0,0,0,0,0,0,0,1.79278632178304,0,0,5.60180313217241,0.398196867827594,0,0,0,0,0,0,0,0
0,0,0,0,0,0.114446344079976,0,0,0.0799305884117767,0,1.94165852821747,2.00750990839963,0.0508315633828988,0,0,3.87083389461318,0.0798324905804909,0,0,0,1.89947991175838,0,0,0,0,1.92510513954317,0.0748948604568276,0,0,0,0,0,0,0,0,1.93878983808221,0,1.96252513935123,0,0,0,0,0,0,0.132917409411139,1.98861450038092,0,0,0,0,1.8225174742667,0,0,0,0,0,0,0.0592817115275682,1.94071828847243,0,0,0,0,0,0,0.137941243124706,1.86205875687529,0,0,0,0,0,0,0,0,1.85917758292734,0,0,0,0,0,0,0,0,0,0,0,0.207213678216962,0.0527560939664358,0,0.0499027744569172,1.95009722554308,0.133217056736668,0,0,0,0,0,0,0
0,0,0,0,0,0,0,0,1.92006941158822,0,0,1.98862462125587,0.0113753787441324,0,0,0,0,0,0,0,0.100520088241616,0,0,0,0,0,0,1.79411006467106,1.92143338685795,0.078566613142045,0,0,0,0,0,0,0,0,0,0,0,0,0,0,0,0,0,1.82522532644094,0,0.292338757963859,0.244351799002531,0,0,0,0,0,0,1.86266006420065,0.137339935799352,0,0.280624225971679,1.71937577402832,0,0,0,0,0,0,0,0,0,0.1043330244513,0,0,0,0,0,0,0,0,0,0,0,0,0,0,0,0,2.23134358958788,0,0,0.247315658795666,0,0,0,0,0.113742807357504,0,0,0
0,0,0,0,0,0,0,0,0,1.83206645806657,0.167933541933431,0,0,0,1.87910018996574,0.120899810034259,0,0,0,0,0,0,0,0,0,0,0,0.205889935328935,0,0,0.0324550652923827,0,0,0,0,0,0.0525269313942881,0,0,0,0.122085237750327,0,0,0,0,0.0810332728111016,1.9189667271889,0.174774673559063,0,1.70766124203614,1.93313072673077,0,1.89393544097379,0,0,0,0,0,0,0,0,0,0.00709084927511379,1.99290915072489,0,1.8407323810774,0.287811004830523,1.71218899516948,0,0,0,1.8956669755487,0,0.0189884696232824,0,0,0,0,0,0,0,0,0,0,0.0926360326712958,1.9073639673287,0,0,1.71590031644569,0,0,0,0.00423394351021497,0,0,0,0,0,0,0
0,0,0,0,0,0,0,0,0,0,0,0,0,0,0.131933559413959,1.86806644058604,0,0,0,0.102585406642099,1.8974145933579,0,0,0,0.0565925336895848,0.127610279975635,1.87238972002437,0.115036355998588,1.88496364400141,0,1.96754493470762,1.92756172881796,0.072438271182038,0,0,0,1.94747306860571,0,0,0,1.87791476224967,0.0488535673539567,1.91574353970891,0.0842564602910935,0,0,1.88977398929399,0.110226010706006,0,0,0,0.00284324752007019,0.219453796690734,0,0,0,0,0,0,0,0,0,0,0,0,0.270647424717288,0,0,0.128622761232592,0,0,0,0,2.14788033494936,0.0130547736548673,1.66329156620865,1.78002492214236,0,0,0,0,1.82810353810782,0,0,0,0,0,0,0,0,1.91114621548567,1.88693255678396,0,0,0,0,0,0,0,0
0,0,0,0,0,0.164984318481143,0.320933261518664,0,0,0,0,0,0,0,0,0,0,0,0,0,0.107344994769338,1.89265500523066,0,0,1.94340746631042,0,0,0,0,0,1.99649883052632,0,0,0,0,0,0,0,0,0,0,1.95114643264604,0,0,0,1.77968813370769,0,0,1.57391201778051,0.42608798221949,0,1.99715675247993,1.88661076233548,0,0,0.230910631156559,0,0,0,0,0,0,0,0,0,1.88862019420531,0,0,1.87137723876741,0.13167517585231,1.86832482414769,0,0,1.83313119542736,1.98694522634513,0.336708433791346,0.219975077857639,0,0,1.89122448989842,0.108775510101578,0.171896461892175,0,0,1.81115964065107,0,0,0,0,0,0,0.201921227730369,0,0,0,0,0,0,0,0
0,0,0,0,0,0,0,0,0,0,0,0,0,0,1.93771018999738,0.0622898100026183,0,0,0,0,0,0,0,0,0,0,0,0,1.91528695986405,0,0.00350116947368241,0,0,0,0,0,0,0,0,0.0417352336745995,1.9582647663254,0,0,0,0,2.14489434019798,0,0,0.058497461659102,0.0547627943331732,0,1.91872816679855,1.95821916866112,0,0,1.76908936884344,0,0,1.97785458926588,0.0221454107341188,1.7007813856411,0.299218614358895,0,0,0,0,0.145136207451185,0,0,0,0,1.82157669008525,1.60529302484327,0,0,0,0,0,0,0,0,0,0,0,0.188840359348928,0,0,0,0,0.175068240214482,1.82493175978552,0,0,0,0,0,0,0,0,0
0,0,0,0,0,0,0,0,0.116343047710501,2.05564853989618,0,0,0,0,0,0,0,0,0,0,0,0,0,0,0,0,1.92834721341191,3.83889984294509,0.084713040135945,0.244962520012032,0,0,0,0,0,0,0,0,0,0,1.93409345304015,0.115880596968667,1.95002594999118,0,0,0.273350398720319,0,0,1.9415025383409,1.94523720566683,3.87317485493584,4.13145379131399,0.0417808313388837,0,0,0,0,0,1.94564429671586,0.0543557032841422,0,0,0,1.89245282694712,0.107547173052884,0,1.85486379254882,0,0,0,0,0,0.581744901428139,0,0,0,0,0,0.16519601255433,0,0,0,0.204149749362742,1.82909264914714,0,0,0,0,0.0451109540358459,3.26444568422618,1.95933767113332,0.126157490293133,0,0,0,0,0,0,0,0
0,0,0,0,0,0,0,0.101954058533865,1.82161748325214,1.82800841239331,0,0,0,0,0,0,0,0,0,0,0,0,0,0,0,1.6174504096683,0.151425438826142,0.0813275048168589,3.72864012742738,3.60467627086243,0.261965419950319,1.46496415082933,1.95325291136531,0.0467470886346874,0.0630708988000302,1.93692910119997,0,0.00667414103189678,0,0,0,1.89505903990321,0,0,0,1.80206712737401,0,0.182509020461992,1.81749097953801,0,0.333614283055545,1.90315955213316,0,1.86088521034871,1.72038277058663,0.279617229413371,0,2.0200638428128,1.9799361571872,0,0,0,0,0,0,0,0,0,0,0,0.621395808099661,3.37860419190034,3.87890714008812,0.112478243555214,0,0,0,0,1.83480398744567,0,0,0,0,1.96675760149012,0,0.157968228713109,0,0,0,0.880908986982038,1.96649721896832,1.87784897784546,0,0,0,0,0,0,0,0
0,0,0,0,0,0,0,0,3.94595366810583,0.269965850473043,2.38520967723274,4.99391061888025,1.90789371967123,0,0,0,0,0,0,0,0,0,0,0,0,1.9225977216668,0.459951868664896,0,0.714975564745382,3.44478009700245,0.272999775010975,4.08273193956137,0.179304134598329,0,0,1.86873474215883,1.98234471493378,2.14403948395905,3.79034261597619,0.371491919822699,1.6285080801773,0.104940960096794,0,0,0,0,0,1.12084025459703,0,0,1.69513496763438,0.144734384128541,0,0.139114789651288,1.87415333992509,0,0,0,0,0,0,0,1.9616989949335,0,0,0,0.0733140551913869,1.92668594480861,0,0,1.90135691718738,0,0,0,0,0.0897219840247428,1.91027801597526,0,0,0,0,0,0,1.92570619751962,0.0742938024803761,3.61213722573068,1.92377647472865,0,0,1.80953437475594,0.687401397587309,2.3774679703464,0,0,0,0,0,0,0,0
0,0,0,0,0,0,0,0,1.54038263794684,0,3.40062460027461,9.02181138326175,4.02058415020637,0,0,0,0,0,0,0,0,0,0,0,0,0,2.09005140197522,3.82330078857973,3.3596909171428,4.5855499778782,3.52037289679258,2.60294892503759,0,0.0600465691640764,0,0,0,0,0.207864301940252,0,1.86684215178778,0,0,0,0,1.95279703987622,0.0472029601237794,4.5182298194675,1.67898565082143,2.67206867765508,2.20238871961175,1.8922438130252,2.08381064440463,3.91618935559537,1.5799306528822,2.54591600719271,1.97913305187195,0,0,1.9104886980252,0,0,0.038301005066502,0,0,0,0.0991807672111134,2.10544477388157,3.97223222709091,0.330511228196223,1.49573044413838,0.843197293065868,0,0,0,0,0,0,0,0,0,0,0,0,0,0.359243867496763,1.9468742033308,1.97677662837268,0,1.76147065705213,6.26118648430334,8.62031109736797,0.15206048792762,0,0,0,0,0,0,0
0,0,0,0,0,0,0,0.615256383666336,1.98293786285784,5.05901323930901,8.97974874720146,0.585244985758909,0,0,0,0,0,0,0,0,0,0,1.92309149096915,0.0752092810304881,1.92479071896951,0,3.56464480164331,0.291580627830121,1.88775788909287,9.19639795629121,14.509357441896,3.84215209912247,3.55199132819885,1.93995343083592,0,0,0,0,0,0,0.133157848212218,0,0,0,5.67909929536922,0,0,0.360929925935469,0,2.99147518001464,2.89002282736563,3.84284473304759,0.967846479140209,3.94906023542377,5.23133089265454,0,0.0208669481280519,1.67745900410816,0.322540995891837,1.9663170419198,0,1.78704527473859,0,0,0.116658699326717,0.254497341679944,4.03511421765755,8.90535024089996,4.59105898795465,0,0,3.55242718134099,0.454848114430505,0,0.00903501330091198,3.65223910899993,0.149868126468633,0.0441760066896113,1.95582399331039,0,0,0,0,0,0,0,1.09072988122167,5.66081208170711,1.85967466972773,7.74611146815436,10.7843523988648,9.9356175094182,0.147664354154046,0,0,0,0,0,0,0
0,0,0,0,0,0,0,0.602544114487011,7.73156225395708,5.04610562572367,5.54924020511664,0,0,0,0.0998785270990601,3.70894549271745,0.306216012417984,0.0970099023103884,1.90299009768961,0.15469771639123,0,0.336185662402838,3.87735717949971,0.358964063043373,0.314069626498119,2.03867962055321,0.345303796381478,1.82621030385194,7.15232946256725,6.62834022030563,3.28459060564805,8.42157149214891,3.52632886498808,0,0.143647485248234,1.95242413457939,2.09456893811618,1.98806892147284,4.03655459245296,3.87085646004049,0.0925889475065425,0,2.15361760980096,1.96817505217614,0.407757563171331,1.91314314145945,0,1.58823538894117,0,0,2.8765268733653,2.15187314286127,2.65991368287953,4.95841536138822,0.996300143167011,3.71669242786746,2.18485826380357,0.254728381427118,1.74527161857288,0.20147979562937,1.93979033700176,0.335488464295461,7.49016861821876,0.447507305745429,3.66195585087527,0.221385449798012,3.69958961234415,3.44768769426361,3.62951692322577,5.20881118455296,5.77518737036187,0.191403239480697,3.67535042989403,3.26169149893652,3.21229704109185,0.413424958039998,1.8662602129889,0,0,3.78148310356771,0.3511029257001,2.04203762467068,0.12825076622753,1.87174923377247,0,0.0791951548263297,2.08369027097358,6.4089674440448,4.52823112244271,8.44100697702497,12.4420294153721,16.5216180515984,0.116059213423031,0,0,0,0,0,0,0
0,0,0,0,0,0,0,0,0,0.336887281533625,5.18031727941054,0,0,0,0,0,0,0,0,0,0,0,0,0,0,0,0,0,0,0.339002002287055,2.34827595585956,0.493644953717728,0,0,0.216552011936411,0.0622905474246763,0,0,0,0,0,0,0,0,0,0,0,0.922844403824047,0,0,0,0.73926181251246,0,0.991171727290614,0,0,0,0,0,0,0,0,0,0,0,0,0,0,0,0.905122264243494,0.0339821703638025,0,0.285240557750426,0.327045837756394,0,0,0,0.0256849517956843,0,0,0,0,0,0,0,0,0,0.0248033654766966,0,0,1.87265118241732,0.47035012654661,0,0,0,0,0,0,0,0
0,0,0,0,0,0,0,0,0,0,0,0,0.29714812777592,0.234942468021516,0,0,0,0,0,0.101983514151852,0,0,0,0,0,0,0.0348525968942143,0,0,0,0,0,0,0.0855940306814688,0,0,0.0509199668313443,0,0.106889829179127,0,0,0,0,0,0.00893381829706136,0,0,0,0,0,0.175172308601466,0,0,0,0.143238207417591,0,0,0,0,0,0,0,0,0,0,0.020852052309295,0,0.0925401799752127,0.119665781071593,0,0,0,0,0,0,0,0,0,0,0,0,0,0,0,0.131890542385609,0,0,0,0.18077164602455,0,0,0.0637720138049278,0,0,0,0,0,0,0,0
0,0,0,0,0,0,0,0,0,0,0,0,0,0,0,0,0,0,0,0,0,0,0,0,0,0,0,0,0,0,0.21763000749078,0,0,0,0,0,0,0,0,0,0,0,0.0983763932547052,0,0,0,0,0,0,0,0,0,0,0,0,0,0,0,0.119691853664132,0,0.0297417227575814,0,0,0,0,0,0,0,0,0,0,0,0,0,0,0,0,0,0,0,0,0,0,0,0,0,0,0,0,0,0,0,0,0,0,0,0,0,0,0
0,0,0,0,0,0,0,0,0,0,0,0,0,0,0,0,0,0,0.0660395786169797,0,0,0,0.0489033850980108,0,0,0,0,0,0,0,0,0,0,0,0,0.0841319611212585,0,0,0,0,0,0,0,0,0,0,0,0,0,0,0,0,0,0,0,0,0,0,0.0576272952276428,0,0,0,0,0,0,0,0,0,0,0,0,0,0,0.103945069811563,0,0,0,0,0,0,0.00859935962043003,0,0,0,0,0,0,0,0.060484343167834,0,0,0,0,0,0,0,0,0,0,0
0,0,0,0,0,0,0,0,0,0,0,0,0,0,0,0,0,0,0,0,0,0,0,0,0,0,0,0,0,0,0,0,0,0,0,0,0,0,0,0,0,0,0,0,0,0,0,0,0,0,0,0,0,0,0,0,0,0,0,0,0,0,0,0,0,0,0,0,0,0,0,0,0,0,0,0,0,0,0,0,0,0,0,0,0,0,0,0.0445942802469787,0,0,0,0,0.729975419511704,0,0,0,0,0,0,0
0,0,0,0,0,0,0,0,0,0,0,0,0,0,0,0,0,0,0,0,0,0,0,0,0,0,0,0,0,0,0,0,0,0,0,0,0,0,0,0,0,0,0,0,0,0,0,0,0,0,0,0,0,0,0,0,0,0,0,0,0,0,0,0,0.0615768347762496,0,0,0,0,0,0,0,0,0,0,0,0,0,0,0,0,0,0,0,0,0,0,0,0,0,0,0,0,0,0,0,0,0,0,0
0,0,0,0,0,0,0,0,0,0,0,0,0,0,0,0,0,0,0,0,0,0,0,0,0,0,0,0,0,0,0,0,0,0,0,0,0,0,0,0,0,0,0,0,0,0,0,0,0,0,0,0,0,0,0,0,0,0,0,0,0,0,0,0,0,0,0,0,0,0,0,0,0,0,0,0,0,0,0,0,0,0,0,0,0,0,0,0,0,0,0,0,0,0,0,0,0,0,0,0
0,0,0,0,0,0,0,0,0,0,0,0,0,0,0,0,0,0,0,0,0,0,0,0,0,0,0,0,0,0,0,0,0,0,0,0,0,0,0,0,0,0,0,0,0,0,0,0,0,0,0,0,0,0,0,0,0,0,0,0,0,0,0,0,0,0,0,0,0,0,0,0,0,0,0,0,0,0,0,0,0,0,0,0,0,0,0,0,0,0,0,0,0,0,0,0,0,0,0,0
